﻿<?xml version="1.0" encoding="UTF-8"?>
<UnityGameFramework>
  <ResourceBuilder>
    <Settings>
      <InternalResourceVersion>0</InternalResourceVersion>
      <Platforms>1</Platforms>
      <AssetBundleCompression>1</AssetBundleCompression>
      <CompressionHelperTypeName>UnityGameFramework.Runtime.DefaultCompressionHelper</CompressionHelperTypeName>
      <AdditionalCompressionSelected>True</AdditionalCompressionSelected>
      <ForceRebuildAssetBundleSelected>False</ForceRebuildAssetBundleSelected>
      <BuildEventHandlerTypeName>StarForce.Editor.StarForceBuildEventHandler</BuildEventHandlerTypeName>
      <OutputDirectory></OutputDirectory>
      <OutputPackageSelected>True</OutputPackageSelected>
      <OutputFullSelected>True</OutputFullSelected>
      <OutputPackedSelected>True</OutputPackedSelected>
    </Settings>
  </ResourceBuilder>
</UnityGameFramework>