﻿<?xml version="1.0" encoding="UTF-8"?>
<Dictionaries>
  <Dictionary Language="ChineseTraditional">
    <String Key="Game.Name" Value="星際力量" />
    <String Key="Game.Description" Value="Game Framework 演示程式" />
    <String Key="Game.Website" Value="https://GameFramework.cn/" />
    <String Key="Game.Summary" Value="這是一個使用 Game Framework 遊戲框架製作的遊戲演示專案，目的是對此遊戲框架的使用方法做一些示範，供使用者參考。" />
    <String Key="Game.Introduction" Value="Game Framework 是基於 Unity 引擎的遊戲框架，主要對遊戲開發過程中常用模組進行了封裝，很大程度地規範開發過程、加快開發速度並保證產品品質。" />
    <String Key="Menu.StartButton" Value="開始" />
    <String Key="Menu.SettingButton" Value="設置" />
    <String Key="Menu.AboutButton" Value="關於" />
    <String Key="Menu.QuitButton" Value="退出" />
    <String Key="Dialog.ConfirmButton" Value="確定" />
    <String Key="Dialog.CancelButton" Value="取消" />
    <String Key="Dialog.OtherButton" Value="" />
    <String Key="ForceUpdate.Title" Value="強制更新" />
    <String Key="ForceUpdate.Message" Value="當前遊戲版本過舊，是否前往更新？" />
    <String Key="ForceUpdate.UpdateButton" Value="更新" />
    <String Key="ForceUpdate.QuitButton" Value="退出" />
    <String Key="AskQuitGame.Title" Value="確認退出" />
    <String Key="AskQuitGame.Message" Value="是否確認退出遊戲？" />
    <String Key="Setting.Title" Value="設置" />
    <String Key="Setting.Music" Value="音樂" />
    <String Key="Setting.Sound" Value="音效" />
    <String Key="Setting.UISound" Value="介面音效" />
    <String Key="Setting.Language" Value="語言" />
    <String Key="Setting.LanguageTips" Value="更改語言需要重啟遊戲" />
  </Dictionary>
</Dictionaries>
